source_dataset,metric,family_history_flag,rate_low,rate_medium,rate_high,n_low,n_medium,n_high,delta_high_minus_low,slope_approx,monotonic,direction,axis
general_proxy,mental_illness_history_rate_proxy,0,0.21909741060419227,0.30917145265303725,0.3816519685992775,101375,102034,99106,0.16255455799508525,0.08127727899754263,True,increasing,hardship_bucket
professional,depression_rate,0,0.0035714285714285713,,0.04453441295546556,280,0,247,0.04096298438403699,0.020481492192018495,False,increasing,hardship_bucket
student,depression_rate,0,0.35706257025103033,0.5583025830258302,0.7329958873774122,5338,2710,6322,0.37593331712638184,0.18796665856319092,True,increasing,hardship_bucket
general_proxy,mental_illness_history_rate_proxy,1,0.2200120389624603,0.3117476593847526,0.3868150552592936,36548,35888,38817,0.1668030162968333,0.08340150814841665,True,increasing,hardship_bucket
professional,depression_rate,1,0.007246376811594195,,0.06403940886699505,276,0,203,0.05679303205540086,0.02839651602770043,False,increasing,hardship_bucket
student,depression_rate,1,0.3928719436386241,0.6240031897926634,0.7826512310451655,4826,2508,6133,0.38977928740654144,0.19488964370327072,True,increasing,hardship_bucket
